beta,omega,mu,gamma_c,delta_c
0.16542652249336243,0.056447967886924744,0.054186686873435974,0.04875844717025757,0.05231446027755737
