beta,omega,mu,gamma_c,delta_c
0.16369326412677765,0.05812039226293564,0.053603239357471466,0.04769766330718994,0.05318812280893326
