beta,omega,mu,gamma_c,delta_c
0.15638159215450287,0.05892196297645569,0.05292075127363205,0.04726544767618179,0.053230009973049164
