beta,omega,mu,gamma_c,delta_c
0.09359269589185715,0.5733058452606201,0.0583108626306057,0.02007916569709778,0.017173754051327705
