beta,omega,mu,gamma_c,delta_c
0.1812133938074112,0.05732325464487076,0.05339635908603668,0.04863988608121872,0.05330406129360199
