beta,omega,mu,gamma_c,delta_c
0.1853904128074646,0.056703172624111176,0.053307175636291504,0.049828194081783295,0.05270346999168396
