beta,omega,mu,gamma_c,delta_c
0.01835312694311142,0.7711801528930664,0.09350382536649704,0.016248982399702072,0.016493450850248337
