beta,omega,mu,gamma_c,delta_c,eta
0.5499985218048096,0.05500074476003647,0.015293089672923088,0.05499982088804245,0.023770414292812347,0.04151085019111633
