beta,omega,mu,gamma_c,delta_c
0.15623460710048676,0.05679035186767578,0.05158323794603348,0.04906817525625229,0.052560314536094666
