beta,omega,mu,gamma_c,delta_c,eta
0.5705741047859192,0.05522066354751587,0.05289699137210846,0.05415644496679306,0.05374673753976822,0.052221305668354034
