beta,omega,mu,gamma_c,delta_c
0.18509326875209808,0.05670259892940521,0.053308919072151184,0.04980114847421646,0.05267251282930374
