beta,omega,mu,gamma_c,delta_c
0.16543516516685486,0.056461647152900696,0.0541902557015419,0.048743247985839844,0.05231860280036926
