beta,omega,mu,gamma_c,delta_c
0.16362498700618744,0.05813082307577133,0.053603239357471466,0.047699183225631714,0.053214311599731445
