beta,omega,mu,gamma_c,delta_c
0.018336065113544464,0.7380988001823425,0.09251406788825989,0.01628643460571766,0.01656416431069374
