beta,omega,mu,gamma_c,delta_c
0.29850637912750244,0.057360321283340454,0.05340864509344101,0.04851265996694565,0.05330368131399155
