beta,omega,mu,gamma_c,delta_c
0.15638698637485504,0.05893898010253906,0.052915059030056,0.047223880887031555,0.053189292550086975
