beta,omega,mu,gamma_c,delta_c
0.18516424298286438,0.05670279264450073,0.05330824851989746,0.04981756955385208,0.05269371718168259
