beta,omega,mu,gamma_c,delta_c
0.1654493808746338,0.05645179748535156,0.0541863739490509,0.048755235970020294,0.05231431871652603
