beta,omega,mu,gamma_c,delta_c
0.16369304060935974,0.05812232941389084,0.05360386520624161,0.04769347608089447,0.053194887936115265
