beta,omega,mu,gamma_c,delta_c
0.15638315677642822,0.05892809480428696,0.05291752517223358,0.04725456237792969,0.05321776121854782
