beta,omega,mu,gamma_c,delta_c
0.18123406171798706,0.05732133239507675,0.053407035768032074,0.04863543063402176,0.05331173539161682
