,NRMSE,MASE,MAE,MAPE
England,0.012039369,33.686565362065416,9.298109,2414136000000.0
