MAPE,NRMSE,MASE,RMSE,MAE
268084911213987.44,0.05203314103725203,11566139477634.96,1565.9002129867877,1156.613947763496
