MAPE,NRMSE,MASE,RMSE,MAE
70788234473841.8,0.0761304926017851,23509725183599.133,3270.1744339250217,2350.9725183599135
