MAPE,NRMSE,MASE,RMSE,MAE
164586970584853.1,0.06229168285917582,20174205207041.11,2641.1406567935437,2017.420520704111
