Is,H,C,D,R
1.030171053843889,7.15459740167984,129188168108.52234,0.9823019567725878,1.430829098363053e+17
0.6768994799810322,0.3960623879100555,0.02143671051621663,0.04328851602096163,0.2581946534495395
2293060552226.135,820832653566.8655,47758807768.70696,37896815793.59513,50409826546628.61
455.5533500272346,181.50973434506543,7.02511627488585,6.332491486494958,10947.342651408997
229.3060552226135,82.08326535668655,4.775880776870697,3.789681579359513,5040.982654662861
207528.85472103613,32945.78366201623,49.35225867566604,40.10044842653113,119844311.12735859
