MAPE,NRMSE,MASE,RMSE,MAE
38601968939807.01,0.18725771089233964,34112739771229.434,4463.956316657816,3411.2739771229435
