Is,H,C,D,R
0.22177637379081383,0.8616857229796497,16050901589748.408,0.8049762026216205,7.412338193959443e+17
0.11491240959981927,0.05515078423214034,0.03547376110645702,0.04974416992370569,0.06229168285917582
556812586029.5562,225112239653.6197,75284008829.42226,60394607257.27998,20174205207041.11
77.33605166067836,25.274816545243745,11.625258282601774,7.276861428839232,2641.1406567935437
55.681258602955616,22.51122396536197,7.5284008829422255,6.039460725727999,2017.420520704111
5980.864886463112,638.816351395727,135.14663013720113,52.95271225452815,6975623.968967833
