Is,H,C,D,R
0.15283071132746082,0.19377877135304472,220428425604.60168,0.4583038434436511,2.0693272507342774e+17
0.08720468457043319,0.012297678661238813,0.04140054807000072,0.02059684228521617,0.36561534814743124
369871231240.5702,44427407584.38181,82468516604.25397,21566547172.628124,85018056716398.02
58.688752715901536,5.635850449322016,13.567551038940238,3.013023785723051,15501.93406915902
36.98712312405702,4.442740758438181,8.246851660425397,2.1566547172628123,8501.805671639802
3444.36969534824,31.762810287123163,184.07844119424834,9.078312333332867,240309959.88455313
