MAE_Susceptible,MAE_Infected,MAE_Recovered,MAE_Deceased,MSE_Susceptible,MSE_Infected,MSE_Recovered,MSE_Deceased,MASE_Susceptible,MASE_Infected,MASE_Recovered,MASE_Deceased,Forecast_Bias_Susceptible,Forecast_Bias_Infected,Forecast_Bias_Recovered,Forecast_Bias_Deceased
714.8344536248019,373.82098742078813,830.2253558913021,90.0858626375816,632561.0585925453,199717.1165631805,888555.2073004586,8446.678354768845,0.6568732125375696,0.557597665679125,0.9656091405886819,1.0214381549062073,-694.7325100670985,-111.62535146864985,825.7538631453886,-87.7135510862775
