MAE_Susceptible,MAE_Infected,MAE_Recovered,MAE_Deceased,MSE_Susceptible,MSE_Infected,MSE_Recovered,MSE_Deceased,MASE_Susceptible,MASE_Infected,MASE_Recovered,MASE_Deceased,Forecast_Bias_Susceptible,Forecast_Bias_Infected,Forecast_Bias_Recovered,Forecast_Bias_Deceased
272075.4982681205,4822.486060234476,1279.1710668533194,68.68184045029832,323955111702.99365,33450986.882570706,4556116.7499722885,11706.624579683443,0.5970101565322539,6.735676287770132,0.7009165452047147,0.7787487440437587,-1582.1989190393483,-4708.497400551073,-0.7047024150454128,-0.29322755883670953
