MAE_Susceptible,MAE_Infected,MAE_Recovered,MAE_Deceased,MSE_Susceptible,MSE_Infected,MSE_Recovered,MSE_Deceased,MASE_Susceptible,MASE_Infected,MASE_Recovered,MASE_Deceased,Forecast_Bias_Susceptible,Forecast_Bias_Infected,Forecast_Bias_Recovered,Forecast_Bias_Deceased
135.8227028931544,4828.3919696641115,43.107618216637164,42.41841961407098,34690.92927175407,31160819.460925654,4122.243679386663,3110.771364314767,0.12480973004665855,7.2021105873276685,0.9564659009025795,0.48096106310202164,-0.1835906431684649,-4815.0786068454345,-0.0011117999744397096,0.050929635382274914
