MAE_Susceptible,MAE_Infected,MAE_Recovered,MAE_Deceased,MSE_Susceptible,MSE_Infected,MSE_Recovered,MSE_Deceased,MASE_Susceptible,MASE_Infected,MASE_Recovered,MASE_Deceased,Forecast_Bias_Susceptible,Forecast_Bias_Infected,Forecast_Bias_Recovered,Forecast_Bias_Deceased
619.8599527670237,408.43278957512683,1015.4154565830248,52.84878710019588,597820.2720331317,228684.58849563973,1222310.0097647212,3413.6539718668687,0.5695995715270514,0.6092252113109671,1.1809979536447337,0.5992257386913803,-562.1676334260804,261.2277329950567,1012.1865958462099,52.711107790816115
