Is,H,C,D,R
0.6709981953423733,2.6130378519413555,33080676755283.39,6.176220559922156,2.3529896561134454e+17
0.12367654031564738,0.13426022289615985,0.07068516399779468,0.09770831827346825,0.22820416037177046
437954075490.0592,223540689695.7459,188098501335.96976,78824365836.08324,38042900317901.76
50.65437729785158,26.641064228966577,21.72054110846519,9.491665203708344,4843.339898541779
43.79540754900592,22.35406896957459,18.809850133596978,7.8824365836083246,3804.2900317901763
2565.8659394331016,709.7463032519225,471.7819060445263,90.09170833928775,23457941.37280669
