new_confirmed,newAdmissions,covidOccupiedMVBeds,new_deceased,recovered
10.548387592490165,10.190328416887318,13.023924994014822,22.221729540435703,1.4991965495020183
0.03057653572715665,0.019923309698324298,0.015094461895747762,0.020994702057347225,0.01276302430436334
514.7531457977041,107.19893285872286,174.69589650085078,47.592890913320005,10353.549827691983
12.396601199095796,2.997035016047927,3.3272506721626858,1.301671527555528,219.66076472402477
9.247244658785831,2.151674617596758,2.7594573190403313,0.8717123608555942,140.175906581192
153.67572128942334,8.982218887417398,11.070597035407044,1.6943487656487415,48250.85155914337
