MAPE,NRMSE,MASE,RMSE,MAE
185200560264345.47,0.057048309225969984,13976114619296.916,1716.8281173632624,1397.6114619296916
