MAPE,NRMSE,MASE,RMSE,MAE
155568707833903.25,0.1822687578900636,60020987859132.91,7728.1172193567445,6002.098785913291
