MAPE,NRMSE,MASE,RMSE,MAE
18933349542420.84,0.4496067950348236,90635318959881.28,10717.983698208716,9063.531895988128
