Is,H,C,D,R
0.18894915588136235,0.6405435512876416,47929905095246.46,4.872075257545236,2.4269142315064326e+17
0.06108808217005692,0.02886853050402914,0.07568573182161446,0.1242854811547533,0.2080493719360261
346173654318.22675,110591212597.06544,177603296407.09348,114126367543.44344,68063531821328.375
43.3463577340961,14.4218930246557,22.478662351019494,14.044259370487122,8936.731050173154
34.61736543182268,11.059121259706545,17.760329640709347,11.412636754344344,6806.353182132838
1878.9067288122333,207.99099841461273,505.2902610911413,197.24122126551535,79865161.86312896
