Is,H,C,D,R
0.419019950381051,2.5971501793398275,13722603853891.33,0.42085146811290847,7.006191746311817e+17
0.12830792198491947,0.12803384016473274,0.040624433163274645,0.036688124062640735,0.1822687578900636
677275333883.0106,476411825446.59576,107623970711.3203,44120331239.10193,60020987859132.91
86.3512314958508,58.67607989263752,13.313207096650292,5.366948434306302,7728.1172193567445
67.72753338830107,47.64118254465958,10.76239707113203,4.412033123910193,6002.098785913291
7456.535180850015,3442.8823515671806,177.24148319829968,28.804135496502866,59723795.75611822
