Is,H,C,D,R
0.2840987600995636,0.6611800883724257,126775630435776.7,10.262956739905476,1.057598636939217e+18
0.053560855594833444,0.020387048975945992,0.019696881302635114,0.04446347521914389,0.050710390313863776
354862743419.24,129404357481.55193,154359135336.27185,84175177247.90436,11603691124128.023
52.57380554172865,16.22517854928502,20.355319906180345,9.286514395769768,1526.0929747883633
35.486274341924,12.940435748155194,15.435913533627186,8.417517724790436,1160.3691124128025
2764.0050291394987,263.25641895617866,414.33904848294173,86.23934962283913,2328959.767698396
