MAPE,NRMSE,MASE,RMSE,MAE
234834071508426.72,0.050710390313863776,11603691124128.023,1526.0929747883633,1160.3691124128025
