MAPE,NRMSE,MASE,RMSE,MAE
41722228916666.42,0.22767056623910253,42960404467311.11,5427.341055474149,4296.040446731111
