Is,H,C,D,R
0.1585684817645318,0.2202175682735512,58268207183136.24,1.2129772409806003,3.5109691545578003e+17
0.07797043216268341,0.01983435914624552,0.036130331645910584,0.03761974619666456,0.10717181979287735
414757129069.6183,72426846984.16516,83085034077.76039,38179370242.859985,33338916981266.992
55.32559093600693,9.908679133488654,10.730708498835444,4.251031320223095,4603.5502089430765
41.47571290696183,7.242684698416516,8.308503407776039,3.8179370242859987,3333.8916981266993
3060.9210124183724,98.18192217043345,115.14810488697924,18.071267285517713,21192674.526259843
